dealer,player,handtype,action,Q-value
0, 0, 0, 0, 0.0
0, 0, 0, 1, 0.0
0, 0, 1, 0, 0.0
0, 0, 1, 1, 0.0
0, 1, 0, 0, 0.0
0, 1, 0, 1, 0.0
0, 1, 1, 0, 0.0
0, 1, 1, 1, 0.0
0, 2, 0, 0, 0.0
0, 2, 0, 1, 0.0
0, 2, 1, 0, 0.0
0, 2, 1, 1, 0.0
0, 3, 0, 0, 0.0
0, 3, 0, 1, 0.0
0, 3, 1, 0, 0.0
0, 3, 1, 1, 0.0
0, 4, 0, 0, 0.0
0, 4, 0, 1, 0.0
0, 4, 1, 0, 0.0
0, 4, 1, 1, 0.0
0, 5, 0, 0, 0.0
0, 5, 0, 1, 0.0
0, 5, 1, 0, 0.0
0, 5, 1, 1, 0.0
0, 6, 0, 0, 0.0
0, 6, 0, 1, 0.0
0, 6, 1, 0, 0.0
0, 6, 1, 1, 0.0
0, 7, 0, 0, 0.0
0, 7, 0, 1, 0.0
0, 7, 1, 0, 0.0
0, 7, 1, 1, 0.0
0, 8, 0, 0, 0.0
0, 8, 0, 1, 0.0
0, 8, 1, 0, 0.0
0, 8, 1, 1, 0.0
0, 9, 0, 0, 0.0
0, 9, 0, 1, 0.0
0, 9, 1, 0, 0.0
0, 9, 1, 1, 0.0
0, 10, 0, 0, 0.0
0, 10, 0, 1, 0.0
0, 10, 1, 0, 0.0
0, 10, 1, 1, 0.0
0, 11, 0, 0, 0.0
0, 11, 0, 1, 0.0
0, 11, 1, 0, 0.0
0, 11, 1, 1, 0.0
0, 12, 0, 0, 0.0
0, 12, 0, 1, 0.0
0, 12, 1, 0, 0.0
0, 12, 1, 1, 0.0
0, 13, 0, 0, 0.0
0, 13, 0, 1, 0.0
0, 13, 1, 0, 0.0
0, 13, 1, 1, 0.0
0, 14, 0, 0, 0.0
0, 14, 0, 1, 0.0
0, 14, 1, 0, 0.0
0, 14, 1, 1, 0.0
0, 15, 0, 0, 0.0
0, 15, 0, 1, 0.0
0, 15, 1, 0, 0.0
0, 15, 1, 1, 0.0
0, 16, 0, 0, 0.0
0, 16, 0, 1, 0.0
0, 16, 1, 0, 0.0
0, 16, 1, 1, 0.0
0, 17, 0, 0, 0.0
0, 17, 0, 1, 0.0
0, 17, 1, 0, 0.0
0, 17, 1, 1, 0.0
0, 18, 0, 0, 0.0
0, 18, 0, 1, 0.0
0, 18, 1, 0, 0.0
0, 18, 1, 1, 0.0
0, 19, 0, 0, 0.0
0, 19, 0, 1, 0.0
0, 19, 1, 0, 0.0
0, 19, 1, 1, 0.0
0, 20, 0, 0, 0.0
0, 20, 0, 1, 0.0
0, 20, 1, 0, 0.0
0, 20, 1, 1, 0.0
0, 21, 0, 0, 700.0
0, 21, 0, 1, 0.0
0, 21, 1, 0, 700.0
0, 21, 1, 1, 0.0
0, 22, 0, 0, -100.0
0, 22, 0, 1, -100.0
0, 22, 1, 0, -100.0
0, 22, 1, 1, -100.0
1, 0, 0, 0, 0.0
1, 0, 0, 1, 0.0
1, 0, 1, 0, 0.0
1, 0, 1, 1, 0.0
1, 1, 0, 0, 0.0
1, 1, 0, 1, 0.0
1, 1, 1, 0, 0.0
1, 1, 1, 1, 0.0
1, 2, 0, 0, 0.0
1, 2, 0, 1, 0.0
1, 2, 1, 0, 0.0
1, 2, 1, 1, 0.0
1, 3, 0, 0, 0.0
1, 3, 0, 1, 0.0
1, 3, 1, 0, 0.0
1, 3, 1, 1, 0.0
1, 4, 0, 0, 0.0
1, 4, 0, 1, 0.0
1, 4, 1, 0, 0.0
1, 4, 1, 1, 0.0
1, 5, 0, 0, 0.0
1, 5, 0, 1, 0.0
1, 5, 1, 0, 0.0
1, 5, 1, 1, 0.0
1, 6, 0, 0, 0.0
1, 6, 0, 1, 0.0
1, 6, 1, 0, 0.0
1, 6, 1, 1, 0.0
1, 7, 0, 0, 0.0
1, 7, 0, 1, 0.0
1, 7, 1, 0, 0.0
1, 7, 1, 1, 0.0
1, 8, 0, 0, 0.0
1, 8, 0, 1, 0.0
1, 8, 1, 0, 0.0
1, 8, 1, 1, 0.0
1, 9, 0, 0, 0.0
1, 9, 0, 1, 0.0
1, 9, 1, 0, 0.0
1, 9, 1, 1, 0.0
1, 10, 0, 0, 0.0
1, 10, 0, 1, 0.0
1, 10, 1, 0, 0.0
1, 10, 1, 1, 0.0
1, 11, 0, 0, 0.0
1, 11, 0, 1, 0.0
1, 11, 1, 0, 0.0
1, 11, 1, 1, 0.0
1, 12, 0, 0, 0.0
1, 12, 0, 1, 0.0
1, 12, 1, 0, 0.0
1, 12, 1, 1, 0.0
1, 13, 0, 0, 0.0
1, 13, 0, 1, 0.0
1, 13, 1, 0, 0.0
1, 13, 1, 1, 0.0
1, 14, 0, 0, 0.0
1, 14, 0, 1, 0.0
1, 14, 1, 0, 0.0
1, 14, 1, 1, 0.0
1, 15, 0, 0, 0.0
1, 15, 0, 1, 0.0
1, 15, 1, 0, 0.0
1, 15, 1, 1, 0.0
1, 16, 0, 0, 0.0
1, 16, 0, 1, 0.0
1, 16, 1, 0, 0.0
1, 16, 1, 1, 0.0
1, 17, 0, 0, 0.0
1, 17, 0, 1, 0.0
1, 17, 1, 0, 0.0
1, 17, 1, 1, 0.0
1, 18, 0, 0, 0.0
1, 18, 0, 1, 0.0
1, 18, 1, 0, 0.0
1, 18, 1, 1, 0.0
1, 19, 0, 0, 0.0
1, 19, 0, 1, 0.0
1, 19, 1, 0, 0.0
1, 19, 1, 1, 0.0
1, 20, 0, 0, 0.0
1, 20, 0, 1, 0.0
1, 20, 1, 0, 0.0
1, 20, 1, 1, 0.0
1, 21, 0, 0, 700.0
1, 21, 0, 1, 0.0
1, 21, 1, 0, 700.0
1, 21, 1, 1, 0.0
1, 22, 0, 0, -100.0
1, 22, 0, 1, -100.0
1, 22, 1, 0, -100.0
1, 22, 1, 1, -100.0
2, 0, 0, 0, 0.0
2, 0, 0, 1, 0.0
2, 0, 1, 0, 0.0
2, 0, 1, 1, 0.0
2, 1, 0, 0, 0.0
2, 1, 0, 1, 0.0
2, 1, 1, 0, 0.0
2, 1, 1, 1, 0.0
2, 2, 0, 0, 0.0
2, 2, 0, 1, 0.0
2, 2, 1, 0, 0.0
2, 2, 1, 1, 0.0
2, 3, 0, 0, 0.0
2, 3, 0, 1, 0.0
2, 3, 1, 0, 0.0
2, 3, 1, 1, 0.0
2, 4, 0, 0, 0.0
2, 4, 0, 1, 0.0
2, 4, 1, 0, 1834.594991775819
2, 4, 1, 1, 1906.6358467897867
2, 5, 0, 0, 0.0
2, 5, 0, 1, 0.0
2, 5, 1, 0, 1875.2297593178007
2, 5, 1, 1, 1896.2579662391156
2, 6, 0, 0, 0.0
2, 6, 0, 1, 0.0
2, 6, 1, 0, 1848.6482149452358
2, 6, 1, 1, 1882.8735308569046
2, 7, 0, 0, 0.0
2, 7, 0, 1, 0.0
2, 7, 1, 0, 1909.715956409148
2, 7, 1, 1, 1947.3675135840404
2, 8, 0, 0, 0.0
2, 8, 0, 1, 0.0
2, 8, 1, 0, 2225.1060436854104
2, 8, 1, 1, 2278.4742940956594
2, 9, 0, 0, 0.0
2, 9, 0, 1, 0.0
2, 9, 1, 0, 2550.5724707485365
2, 9, 1, 1, 2601.962290094943
2, 10, 0, 0, 0.0
2, 10, 0, 1, 0.0
2, 10, 1, 0, 3029.0623519727706
2, 10, 1, 1, 3191.3019428358316
2, 11, 0, 0, 0.0
2, 11, 0, 1, 0.0
2, 11, 1, 0, 1966.5672827811138
2, 11, 1, 1, 2017.6961541320102
2, 12, 0, 0, 2546.659023548155
2, 12, 0, 1, 2762.5748768416406
2, 12, 1, 0, 1834.631108519461
2, 12, 1, 1, 1584.3609597632224
2, 13, 0, 0, 2573.1667891197594
2, 13, 0, 1, 2679.8995737048003
2, 13, 1, 0, 1849.1840358695133
2, 13, 1, 1, 1407.251218611887
2, 14, 0, 0, 2563.904049158562
2, 14, 0, 1, 2642.465210942422
2, 14, 1, 0, 1857.2279500357695
2, 14, 1, 1, 1256.275903593888
2, 15, 0, 0, 2484.631378149513
2, 15, 0, 1, 2564.6168370220744
2, 15, 1, 0, 1844.094473356615
2, 15, 1, 1, 1115.1854232789844
2, 16, 0, 0, 2454.516364476198
2, 16, 0, 1, 2515.3738417349578
2, 16, 1, 0, 1838.6034145038989
2, 16, 1, 1, 995.2271687196206
2, 17, 0, 0, 2466.8418950781934
2, 17, 0, 1, 2535.322213076179
2, 17, 1, 0, 1993.3276720764272
2, 17, 1, 1, 829.4067137151051
2, 18, 0, 0, 3114.729850508023
2, 18, 0, 1, 2766.5230782476365
2, 18, 1, 0, 3064.131733699513
2, 18, 1, 1, 620.0898310563347
2, 19, 0, 0, 4122.517370653843
2, 19, 0, 1, 2885.4959903347444
2, 19, 1, 0, 4145.078163399682
2, 19, 1, 1, 295.74792504081887
2, 20, 0, 0, 5159.15773022648
2, 20, 0, 1, 3170.0281684210822
2, 20, 1, 0, 5195.24971456428
2, 20, 1, 1, -71.78659912379464
2, 21, 0, 0, 6165.063088783499
2, 21, 0, 1, 2034.067692355823
2, 21, 1, 0, 700.0
2, 21, 1, 1, 0.0
2, 22, 0, 0, -100.0
2, 22, 0, 1, -100.0
2, 22, 1, 0, -100.0
2, 22, 1, 1, -100.0
3, 0, 0, 0, 0.0
3, 0, 0, 1, 0.0
3, 0, 1, 0, 0.0
3, 0, 1, 1, 0.0
3, 1, 0, 0, 0.0
3, 1, 0, 1, 0.0
3, 1, 1, 0, 0.0
3, 1, 1, 1, 0.0
3, 2, 0, 0, 0.0
3, 2, 0, 1, 0.0
3, 2, 1, 0, 0.0
3, 2, 1, 1, 0.0
3, 3, 0, 0, 0.0
3, 3, 0, 1, 0.0
3, 3, 1, 0, 0.0
3, 3, 1, 1, 0.0
3, 4, 0, 0, 0.0
3, 4, 0, 1, 0.0
3, 4, 1, 0, 1933.1749593502118
3, 4, 1, 1, 2025.3676215981595
3, 5, 0, 0, 0.0
3, 5, 0, 1, 0.0
3, 5, 1, 0, 2000.7201285060005
3, 5, 1, 1, 2010.715755647782
3, 6, 0, 0, 0.0
3, 6, 0, 1, 0.0
3, 6, 1, 0, 2012.670088789395
3, 6, 1, 1, 1999.9193205469314
3, 7, 0, 0, 0.0
3, 7, 0, 1, 0.0
3, 7, 1, 0, 2051.172718714041
3, 7, 1, 1, 2058.8505737281675
3, 8, 0, 0, 0.0
3, 8, 0, 1, 0.0
3, 8, 1, 0, 2344.0432761174457
3, 8, 1, 1, 2392.645765322823
3, 9, 0, 0, 0.0
3, 9, 0, 1, 0.0
3, 9, 1, 0, 2672.7703497534894
3, 9, 1, 1, 2774.178499686437
3, 10, 0, 0, 0.0
3, 10, 0, 1, 0.0
3, 10, 1, 0, 3159.2883375959605
3, 10, 1, 1, 3289.697362068365
3, 11, 0, 0, 0.0
3, 11, 0, 1, 0.0
3, 11, 1, 0, 2053.6316554642212
3, 11, 1, 1, 2093.9391982943725
3, 12, 0, 0, 2618.3276303130024
3, 12, 0, 1, 2841.3320103128053
3, 12, 1, 0, 1971.5188336668407
3, 12, 1, 1, 1600.0437087888374
3, 13, 0, 0, 2691.969955632671
3, 13, 0, 1, 2790.109967775779
3, 13, 1, 0, 1982.8148670593012
3, 13, 1, 1, 1481.8664224205897
3, 14, 0, 0, 2647.89281249163
3, 14, 0, 1, 2755.564358526016
3, 14, 1, 0, 1990.6831268386477
3, 14, 1, 1, 1302.4458927045268
3, 15, 0, 0, 2597.577611805491
3, 15, 0, 1, 2659.871628933708
3, 15, 1, 0, 1937.299876538012
3, 15, 1, 1, 1149.0332342284007
3, 16, 0, 0, 2557.8201407128536
3, 16, 0, 1, 2641.967075211459
3, 16, 1, 0, 1989.4127136704624
3, 16, 1, 1, 968.1100004210043
3, 17, 0, 0, 2566.7169650280243
3, 17, 0, 1, 2581.782226275029
3, 17, 1, 0, 2160.1072537552186
3, 17, 1, 1, 863.960276090653
3, 18, 0, 0, 3166.889655559387
3, 18, 0, 1, 2846.2105312489916
3, 18, 1, 0, 3211.4320067661893
3, 18, 1, 1, 628.294659434008
3, 19, 0, 0, 4256.448918929101
3, 19, 0, 1, 3071.274219088939
3, 19, 1, 0, 4273.839191328299
3, 19, 1, 1, 271.04052149753926
3, 20, 0, 0, 5244.067680451705
3, 20, 0, 1, 3227.055765259501
3, 20, 1, 0, 5237.85472406864
3, 20, 1, 1, -72.16552696582755
3, 21, 0, 0, 6193.867176430069
3, 21, 0, 1, 2107.1936377945467
3, 21, 1, 0, 700.0
3, 21, 1, 1, 0.0
3, 22, 0, 0, -100.0
3, 22, 0, 1, -100.0
3, 22, 1, 0, -100.0
3, 22, 1, 1, -100.0
4, 0, 0, 0, 0.0
4, 0, 0, 1, 0.0
4, 0, 1, 0, 0.0
4, 0, 1, 1, 0.0
4, 1, 0, 0, 0.0
4, 1, 0, 1, 0.0
4, 1, 1, 0, 0.0
4, 1, 1, 1, 0.0
4, 2, 0, 0, 0.0
4, 2, 0, 1, 0.0
4, 2, 1, 0, 0.0
4, 2, 1, 1, 0.0
4, 3, 0, 0, 0.0
4, 3, 0, 1, 0.0
4, 3, 1, 0, 0.0
4, 3, 1, 1, 0.0
4, 4, 0, 0, 0.0
4, 4, 0, 1, 0.0
4, 4, 1, 0, 2069.5803986349465
4, 4, 1, 1, 2162.4409711734666
4, 5, 0, 0, 0.0
4, 5, 0, 1, 0.0
4, 5, 1, 0, 2138.052979760876
4, 5, 1, 1, 2151.5770580927224
4, 6, 0, 0, 0.0
4, 6, 0, 1, 0.0
4, 6, 1, 0, 2142.4341584257495
4, 6, 1, 1, 2133.6617177685944
4, 7, 0, 0, 0.0
4, 7, 0, 1, 0.0
4, 7, 1, 0, 2217.041717824894
4, 7, 1, 1, 2197.305936849879
4, 8, 0, 0, 0.0
4, 8, 0, 1, 0.0
4, 8, 1, 0, 2471.723227727544
4, 8, 1, 1, 2513.188120507065
4, 9, 0, 0, 0.0
4, 9, 0, 1, 0.0
4, 9, 1, 0, 2799.9603582030513
4, 9, 1, 1, 2888.1073918411194
4, 10, 0, 0, 0.0
4, 10, 0, 1, 0.0
4, 10, 1, 0, 3266.5028338752545
4, 10, 1, 1, 3324.8320822567334
4, 11, 0, 0, 0.0
4, 11, 0, 1, 0.0
4, 11, 1, 0, 2196.731899074841
4, 11, 1, 1, 2195.977352925396
4, 12, 0, 0, 2710.8345024024516
4, 12, 0, 1, 2942.97724025431
4, 12, 1, 0, 2147.9228203763746
4, 12, 1, 1, 1623.4944996509587
4, 13, 0, 0, 2829.161313756603
4, 13, 0, 1, 2897.9663796906552
4, 13, 1, 0, 2126.569819756705
4, 13, 1, 1, 1524.65424686753
4, 14, 0, 0, 2771.360911568625
4, 14, 0, 1, 2814.0120905073795
4, 14, 1, 0, 2136.4273778731267
4, 14, 1, 1, 1399.1279209654049
4, 15, 0, 0, 2719.297196490291
4, 15, 0, 1, 2806.576799492061
4, 15, 1, 0, 2161.8095333251617
4, 15, 1, 1, 1227.9633577944169
4, 16, 0, 0, 2684.378911525945
4, 16, 0, 1, 2753.4446693725877
4, 16, 1, 0, 2145.076492269955
4, 16, 1, 1, 1032.8345912474856
4, 17, 0, 0, 2699.40680359077
4, 17, 0, 1, 2777.2822610741146
4, 17, 1, 0, 2294.880888198366
4, 17, 1, 1, 807.5556661387594
4, 18, 0, 0, 3313.6202026070255
4, 18, 0, 1, 2986.2749134188875
4, 18, 1, 0, 3329.7912985668436
4, 18, 1, 1, 688.6499978490922
4, 19, 0, 0, 4307.959453381433
4, 19, 0, 1, 3203.7759484194203
4, 19, 1, 0, 4328.273933328768
4, 19, 1, 1, 334.52328255184125
4, 20, 0, 0, 5315.906151461147
4, 20, 0, 1, 3397.1244899277053
4, 20, 1, 0, 5288.808936935212
4, 20, 1, 1, -72.6634128535833
4, 21, 0, 0, 6221.37154447908
4, 21, 0, 1, 2193.8535960205213
4, 21, 1, 0, 700.0
4, 21, 1, 1, 0.0
4, 22, 0, 0, -100.0
4, 22, 0, 1, -100.0
4, 22, 1, 0, -100.0
4, 22, 1, 1, -100.0
5, 0, 0, 0, 0.0
5, 0, 0, 1, 0.0
5, 0, 1, 0, 0.0
5, 0, 1, 1, 0.0
5, 1, 0, 0, 0.0
5, 1, 0, 1, 0.0
5, 1, 1, 0, 0.0
5, 1, 1, 1, 0.0
5, 2, 0, 0, 0.0
5, 2, 0, 1, 0.0
5, 2, 1, 0, 0.0
5, 2, 1, 1, 0.0
5, 3, 0, 0, 0.0
5, 3, 0, 1, 0.0
5, 3, 1, 0, 0.0
5, 3, 1, 1, 0.0
5, 4, 0, 0, 0.0
5, 4, 0, 1, 0.0
5, 4, 1, 0, 2165.8823102093093
5, 4, 1, 1, 2263.2849592954053
5, 5, 0, 0, 0.0
5, 5, 0, 1, 0.0
5, 5, 1, 0, 2361.1846810731527
5, 5, 1, 1, 2276.8426180797496
5, 6, 0, 0, 0.0
5, 6, 0, 1, 0.0
5, 6, 1, 0, 2322.099672067374
5, 6, 1, 1, 2273.0508196485644
5, 7, 0, 0, 0.0
5, 7, 0, 1, 0.0
5, 7, 1, 0, 2305.2755473059065
5, 7, 1, 1, 2317.147787198769
5, 8, 0, 0, 0.0
5, 8, 0, 1, 0.0
5, 8, 1, 0, 2598.491482043468
5, 8, 1, 1, 2628.481975728335
5, 9, 0, 0, 0.0
5, 9, 0, 1, 0.0
5, 9, 1, 0, 2884.9155510433848
5, 9, 1, 1, 2972.871965191831
5, 10, 0, 0, 0.0
5, 10, 0, 1, 0.0
5, 10, 1, 0, 3356.9515555993385
5, 10, 1, 1, 3441.2356277999556
5, 11, 0, 0, 0.0
5, 11, 0, 1, 0.0
5, 11, 1, 0, 2312.7478780109727
5, 11, 1, 1, 2205.390928390399
5, 12, 0, 0, 2833.2073069217545
5, 12, 0, 1, 3036.2139002702074
5, 12, 1, 0, 2358.4799794662413
5, 12, 1, 1, 1736.7664295994678
5, 13, 0, 0, 2931.758892306815
5, 13, 0, 1, 2982.2807188065276
5, 13, 1, 0, 2356.527537232945
5, 13, 1, 1, 1623.5889807024823
5, 14, 0, 0, 2895.3562327395025
5, 14, 0, 1, 2946.647177888216
5, 14, 1, 0, 2282.7905373108047
5, 14, 1, 1, 1392.1586947194785
5, 15, 0, 0, 2856.2160745279643
5, 15, 0, 1, 2947.1940077401105
5, 15, 1, 0, 2308.7144729062356
5, 15, 1, 1, 1272.1804051619533
5, 16, 0, 0, 2819.4663596407095
5, 16, 0, 1, 2876.084829504113
5, 16, 1, 0, 2306.6069657768303
5, 16, 1, 1, 1034.125288993296
5, 17, 0, 0, 2830.208475454305
5, 17, 0, 1, 2888.034459984954
5, 17, 1, 0, 2433.974114198378
5, 17, 1, 1, 844.3485083171356
5, 18, 0, 0, 3383.09513290481
5, 18, 0, 1, 3081.173299969422
5, 18, 1, 0, 3420.6567406914687
5, 18, 1, 1, 614.8790996064415
5, 19, 0, 0, 4433.528158953859
5, 19, 0, 1, 3271.729808306088
5, 19, 1, 0, 4435.313523978332
5, 19, 1, 1, 291.66974969677796
5, 20, 0, 0, 5368.495939327284
5, 20, 0, 1, 3419.5202431157836
5, 20, 1, 0, 5315.061030104523
5, 20, 1, 1, -86.27894852423954
5, 21, 0, 0, 6252.432068135008
5, 21, 0, 1, 2234.9998384442924
5, 21, 1, 0, 700.0
5, 21, 1, 1, 0.0
5, 22, 0, 0, -100.0
5, 22, 0, 1, -100.0
5, 22, 1, 0, -100.0
5, 22, 1, 1, -100.0
6, 0, 0, 0, 0.0
6, 0, 0, 1, 0.0
6, 0, 1, 0, 0.0
6, 0, 1, 1, 0.0
6, 1, 0, 0, 0.0
6, 1, 0, 1, 0.0
6, 1, 1, 0, 0.0
6, 1, 1, 1, 0.0
6, 2, 0, 0, 0.0
6, 2, 0, 1, 0.0
6, 2, 1, 0, 0.0
6, 2, 1, 1, 0.0
6, 3, 0, 0, 0.0
6, 3, 0, 1, 0.0
6, 3, 1, 0, 0.0
6, 3, 1, 1, 0.0
6, 4, 0, 0, 0.0
6, 4, 0, 1, 0.0
6, 4, 1, 0, 2248.203053853545
6, 4, 1, 1, 2328.118001141346
6, 5, 0, 0, 0.0
6, 5, 0, 1, 0.0
6, 5, 1, 0, 2344.4152284287925
6, 5, 1, 1, 2346.783254585368
6, 6, 0, 0, 0.0
6, 6, 0, 1, 0.0
6, 6, 1, 0, 2374.1241309517336
6, 6, 1, 1, 2354.6644890507
6, 7, 0, 0, 0.0
6, 7, 0, 1, 0.0
6, 7, 1, 0, 2410.662518341128
6, 7, 1, 1, 2411.4465249308078
6, 8, 0, 0, 0.0
6, 8, 0, 1, 0.0
6, 8, 1, 0, 2771.5415816210902
6, 8, 1, 1, 2802.3235770757874
6, 9, 0, 0, 0.0
6, 9, 0, 1, 0.0
6, 9, 1, 0, 3021.5721937510853
6, 9, 1, 1, 3109.3038545490176
6, 10, 0, 0, 0.0
6, 10, 0, 1, 0.0
6, 10, 1, 0, 3482.8083070860566
6, 10, 1, 1, 3640.240249330341
6, 11, 0, 0, 0.0
6, 11, 0, 1, 0.0
6, 11, 1, 0, 2450.2730983140045
6, 11, 1, 1, 2359.8893735512
6, 12, 0, 0, 2938.329815187467
6, 12, 0, 1, 3168.057754806918
6, 12, 1, 0, 2339.6539110401054
6, 12, 1, 1, 1826.6840314971275
6, 13, 0, 0, 3031.9724126156584
6, 13, 0, 1, 3101.1588750381106
6, 13, 1, 0, 2425.5313681857883
6, 13, 1, 1, 1630.0876245495554
6, 14, 0, 0, 2993.450765618306
6, 14, 0, 1, 3058.522063410514
6, 14, 1, 0, 2371.771137814092
6, 14, 1, 1, 1558.8997847165294
6, 15, 0, 0, 2946.2913059640514
6, 15, 0, 1, 3035.819155098109
6, 15, 1, 0, 2349.0808401814406
6, 15, 1, 1, 1389.1290387147444
6, 16, 0, 0, 2938.481322172328
6, 16, 0, 1, 3011.976495813341
6, 16, 1, 0, 2419.3904220823006
6, 16, 1, 1, 1099.8670771637414
6, 17, 0, 0, 2946.078867875897
6, 17, 0, 1, 2963.364022584823
6, 17, 1, 0, 2537.6521221257367
6, 17, 1, 1, 930.7648819040944
6, 18, 0, 0, 3785.9467333427024
6, 18, 0, 1, 3231.544386338184
6, 18, 1, 0, 3795.204966746972
6, 18, 1, 1, 689.355796491235
6, 19, 0, 0, 4655.337398943671
6, 19, 0, 1, 3449.8742476899624
6, 19, 1, 0, 4663.60064497624
6, 19, 1, 1, 333.60118564232437
6, 20, 0, 0, 5541.09027107803
6, 20, 0, 1, 3615.0755635619885
6, 20, 1, 0, 5518.6736669167485
6, 20, 1, 1, -85.14344106889077
6, 21, 0, 0, 6324.971703241943
6, 21, 0, 1, 2360.087601917669
6, 21, 1, 0, 700.0
6, 21, 1, 1, 0.0
6, 22, 0, 0, -100.0
6, 22, 0, 1, -100.0
6, 22, 1, 0, -100.0
6, 22, 1, 1, -100.0
7, 0, 0, 0, 0.0
7, 0, 0, 1, 0.0
7, 0, 1, 0, 0.0
7, 0, 1, 1, 0.0
7, 1, 0, 0, 0.0
7, 1, 0, 1, 0.0
7, 1, 1, 0, 0.0
7, 1, 1, 1, 0.0
7, 2, 0, 0, 0.0
7, 2, 0, 1, 0.0
7, 2, 1, 0, 0.0
7, 2, 1, 1, 0.0
7, 3, 0, 0, 0.0
7, 3, 0, 1, 0.0
7, 3, 1, 0, 0.0
7, 3, 1, 1, 0.0
7, 4, 0, 0, 0.0
7, 4, 0, 1, 0.0
7, 4, 1, 0, 1596.4245467891183
7, 4, 1, 1, 1704.1409406690116
7, 5, 0, 0, 0.0
7, 5, 0, 1, 0.0
7, 5, 1, 0, 1587.6484806642743
7, 5, 1, 1, 1639.8603384440976
7, 6, 0, 0, 0.0
7, 6, 0, 1, 0.0
7, 6, 1, 0, 1552.29862053943
7, 6, 1, 1, 1598.419855594458
7, 7, 0, 0, 0.0
7, 7, 0, 1, 0.0
7, 7, 1, 0, 1667.301982848807
7, 7, 1, 1, 1727.2594877000874
7, 8, 0, 0, 0.0
7, 8, 0, 1, 0.0
7, 8, 1, 0, 2320.9809860944765
7, 8, 1, 1, 2498.703040153841
7, 9, 0, 0, 0.0
7, 9, 0, 1, 0.0
7, 9, 1, 0, 2653.5958106538496
7, 9, 1, 1, 2902.455065067237
7, 10, 0, 0, 0.0
7, 10, 0, 1, 0.0
7, 10, 1, 0, 3113.532357703321
7, 10, 1, 1, 3271.8381242044097
7, 11, 0, 0, 0.0
7, 11, 0, 1, 0.0
7, 11, 1, 0, 1936.233932451571
7, 11, 1, 1, 1976.120507691034
7, 12, 0, 0, 2559.467612024132
7, 12, 0, 1, 2863.133436790325
7, 12, 1, 0, 1488.926465800015
7, 12, 1, 1, 1501.5261023895132
7, 13, 0, 0, 2601.5107444876303
7, 13, 0, 1, 2735.730446816567
7, 13, 1, 0, 1356.6516493245003
7, 13, 1, 1, 1351.8296995706373
7, 14, 0, 0, 2490.265152239859
7, 14, 0, 1, 2665.3873600334005
7, 14, 1, 0, 1267.884568450021
7, 14, 1, 1, 1283.8182139902362
7, 15, 0, 0, 2427.298810256058
7, 15, 0, 1, 2513.465538572222
7, 15, 1, 0, 1165.8611393313392
7, 15, 1, 1, 1175.9221375628676
7, 16, 0, 0, 2293.9891189812092
7, 16, 0, 1, 2397.9914391847574
7, 16, 1, 0, 1122.3418859376104
7, 16, 1, 1, 1081.9097707779335
7, 17, 0, 0, 2344.333950263859
7, 17, 0, 1, 2405.5303475735154
7, 17, 1, 0, 1493.8470149397788
7, 17, 1, 1, 1063.015611890234
7, 18, 0, 0, 4171.943362219415
7, 18, 0, 1, 2991.6533452672725
7, 18, 1, 0, 4222.130144550695
7, 18, 1, 1, 706.6020452625634
7, 19, 0, 0, 5246.030737831915
7, 19, 0, 1, 3208.654083019107
7, 19, 1, 0, 5257.333377680739
7, 19, 1, 1, 346.29036464631736
7, 20, 0, 0, 5851.950828218524
7, 20, 0, 1, 3317.8670341932166
7, 20, 1, 0, 5843.043612190521
7, 20, 1, 1, -71.67862741679674
7, 21, 0, 0, 6479.463258456535
7, 21, 0, 1, 1999.2286848667707
7, 21, 1, 0, 700.0
7, 21, 1, 1, 0.0
7, 22, 0, 0, -100.0
7, 22, 0, 1, -100.0
7, 22, 1, 0, -100.0
7, 22, 1, 1, -100.0
8, 0, 0, 0, 0.0
8, 0, 0, 1, 0.0
8, 0, 1, 0, 0.0
8, 0, 1, 1, 0.0
8, 1, 0, 0, 0.0
8, 1, 0, 1, 0.0
8, 1, 1, 0, 0.0
8, 1, 1, 1, 0.0
8, 2, 0, 0, 0.0
8, 2, 0, 1, 0.0
8, 2, 1, 0, 0.0
8, 2, 1, 1, 0.0
8, 3, 0, 0, 0.0
8, 3, 0, 1, 0.0
8, 3, 1, 0, 0.0
8, 3, 1, 1, 0.0
8, 4, 0, 0, 0.0
8, 4, 0, 1, 0.0
8, 4, 1, 0, 1374.222025284186
8, 4, 1, 1, 1495.6229953817294
8, 5, 0, 0, 0.0
8, 5, 0, 1, 0.0
8, 5, 1, 0, 1391.3150976192467
8, 5, 1, 1, 1440.8191144578316
8, 6, 0, 0, 0.0
8, 6, 0, 1, 0.0
8, 6, 1, 0, 1348.192217365951
8, 6, 1, 1, 1381.5994187733777
8, 7, 0, 0, 0.0
8, 7, 0, 1, 0.0
8, 7, 1, 0, 1355.8919976132338
8, 7, 1, 1, 1359.3523705657847
8, 8, 0, 0, 0.0
8, 8, 0, 1, 0.0
8, 8, 1, 0, 1743.9899245438155
8, 8, 1, 1, 1821.9376254375288
8, 9, 0, 0, 0.0
8, 9, 0, 1, 0.0
8, 9, 1, 0, 2418.994008586075
8, 9, 1, 1, 2625.145276155252
8, 10, 0, 0, 0.0
8, 10, 0, 1, 0.0
8, 10, 1, 0, 2883.6270208695382
8, 10, 1, 1, 3131.6479778974235
8, 11, 0, 0, 0.0
8, 11, 0, 1, 0.0
8, 11, 1, 0, 1714.5096074882424
8, 11, 1, 1, 1785.102301515683
8, 12, 0, 0, 2285.6500261454407
8, 12, 0, 1, 2580.802575227977
8, 12, 1, 0, 1298.959971801433
8, 12, 1, 1, 1404.8821630030327
8, 13, 0, 0, 2356.095882038041
8, 13, 0, 1, 2459.4174658804477
8, 13, 1, 0, 1170.077831524093
8, 13, 1, 1, 1223.0904327965832
8, 14, 0, 0, 2235.5190387423677
8, 14, 0, 1, 2325.587066767808
8, 14, 1, 0, 1107.8802158814178
8, 14, 1, 1, 1183.0177999601322
8, 15, 0, 0, 2150.8417378970585
8, 15, 0, 1, 2305.82128061749
8, 15, 1, 0, 994.6865382926385
8, 15, 1, 1, 1121.0133075876436
8, 16, 0, 0, 2058.5291132217453
8, 16, 0, 1, 2062.041876242475
8, 16, 1, 0, 964.917673575796
8, 16, 1, 1, 955.0731661983726
8, 17, 0, 0, 1995.7243754396518
8, 17, 0, 1, 2108.7168649397936
8, 17, 1, 0, 1113.9248053388576
8, 17, 1, 1, 939.5679877357057
8, 18, 0, 0, 2313.2537217828844
8, 18, 0, 1, 2298.0888709667524
8, 18, 1, 0, 2340.3266590222415
8, 18, 1, 1, 652.3216280967475
8, 19, 0, 0, 4985.883324062933
8, 19, 0, 1, 2872.069364959694
8, 19, 1, 0, 5000.565351765238
8, 19, 1, 1, 386.12332674519325
8, 20, 0, 0, 5958.721910775982
8, 20, 0, 1, 3090.83777334973
8, 20, 1, 0, 5979.1753684527575
8, 20, 1, 1, -74.24691719342859
8, 21, 0, 0, 6527.617814314814
8, 21, 0, 1, 1800.959385260447
8, 21, 1, 0, 700.0
8, 21, 1, 1, 0.0
8, 22, 0, 0, -100.0
8, 22, 0, 1, -100.0
8, 22, 1, 0, -100.0
8, 22, 1, 1, -100.0
9, 0, 0, 0, 0.0
9, 0, 0, 1, 0.0
9, 0, 1, 0, 0.0
9, 0, 1, 1, 0.0
9, 1, 0, 0, 0.0
9, 1, 0, 1, 0.0
9, 1, 1, 0, 0.0
9, 1, 1, 1, 0.0
9, 2, 0, 0, 0.0
9, 2, 0, 1, 0.0
9, 2, 1, 0, 0.0
9, 2, 1, 1, 0.0
9, 3, 0, 0, 0.0
9, 3, 0, 1, 0.0
9, 3, 1, 0, 0.0
9, 3, 1, 1, 0.0
9, 4, 0, 0, 0.0
9, 4, 0, 1, 0.0
9, 4, 1, 0, 1143.125725724664
9, 4, 1, 1, 1199.22093051155
9, 5, 0, 0, 0.0
9, 5, 0, 1, 0.0
9, 5, 1, 0, 1158.2839571223471
9, 5, 1, 1, 1193.3996088416097
9, 6, 0, 0, 0.0
9, 6, 0, 1, 0.0
9, 6, 1, 0, 1113.3869410528525
9, 6, 1, 1, 1150.9699572900377
9, 7, 0, 0, 0.0
9, 7, 0, 1, 0.0
9, 7, 1, 0, 1111.220905150139
9, 7, 1, 1, 1135.5099042407414
9, 8, 0, 0, 0.0
9, 8, 0, 1, 0.0
9, 8, 1, 0, 1388.803531406775
9, 8, 1, 1, 1427.480334463708
9, 9, 0, 0, 0.0
9, 9, 0, 1, 0.0
9, 9, 1, 0, 1749.8085608201689
9, 9, 1, 1, 1849.7526331996125
9, 10, 0, 0, 0.0
9, 10, 0, 1, 0.0
9, 10, 1, 0, 2622.407578242426
9, 10, 1, 1, 2839.9974594827695
9, 11, 0, 0, 0.0
9, 11, 0, 1, 0.0
9, 11, 1, 0, 1455.281179922594
9, 11, 1, 1, 1492.892369583384
9, 12, 0, 0, 1997.2781512704923
9, 12, 0, 1, 2262.004156036042
9, 12, 1, 0, 1071.1780795414727
9, 12, 1, 1, 1069.1330357998652
9, 13, 0, 0, 2036.705620225154
9, 13, 0, 1, 2155.9331161734062
9, 13, 1, 0, 955.276698069578
9, 13, 1, 1, 980.3548179735415
9, 14, 0, 0, 1909.6093735151906
9, 14, 0, 1, 2096.26768035288
9, 14, 1, 0, 905.109419122756
9, 14, 1, 1, 936.6644573040738
9, 15, 0, 0, 1862.88352977281
9, 15, 0, 1, 1998.2169230491438
9, 15, 1, 0, 828.200479617985
9, 15, 1, 1, 815.4366529186427
9, 16, 0, 0, 1778.2833749874337
9, 16, 0, 1, 1927.3954218708698
9, 16, 1, 0, 812.3175458031806
9, 16, 1, 1, 810.0762107408907
9, 17, 0, 0, 1709.5648055334902
9, 17, 0, 1, 1797.2717596725797
9, 17, 1, 0, 916.8065634762461
9, 17, 1, 1, 760.9468262099028
9, 18, 0, 0, 1977.0268217419402
9, 18, 0, 1, 1966.095192286432
9, 18, 1, 0, 1905.6971883978663
9, 18, 1, 1, 601.7548857210608
9, 19, 0, 0, 3105.3829021173096
9, 19, 0, 1, 2232.9685132683076
9, 19, 1, 0, 3086.093728345488
9, 19, 1, 1, 398.1552473007188
9, 20, 0, 0, 5694.780874532487
9, 20, 0, 1, 2877.3513604979976
9, 20, 1, 0, 5663.342306267313
9, 20, 1, 1, -75.46036560027812
9, 21, 0, 0, 6558.461163249817
9, 21, 0, 1, 1528.005520617919
9, 21, 1, 0, 700.0
9, 21, 1, 1, 0.0
9, 22, 0, 0, -100.0
9, 22, 0, 1, -100.0
9, 22, 1, 0, -100.0
9, 22, 1, 1, -100.0
10, 0, 0, 0, 0.0
10, 0, 0, 1, 0.0
10, 0, 1, 0, 0.0
10, 0, 1, 1, 0.0
10, 1, 0, 0, 0.0
10, 1, 0, 1, 0.0
10, 1, 1, 0, 0.0
10, 1, 1, 1, 0.0
10, 2, 0, 0, 0.0
10, 2, 0, 1, 0.0
10, 2, 1, 0, 0.0
10, 2, 1, 1, 0.0
10, 3, 0, 0, 0.0
10, 3, 0, 1, 0.0
10, 3, 1, 0, 0.0
10, 3, 1, 1, 0.0
10, 4, 0, 0, 0.0
10, 4, 0, 1, 0.0
10, 4, 1, 0, 957.919579554128
10, 4, 1, 1, 975.1129668884016
10, 5, 0, 0, 0.0
10, 5, 0, 1, 0.0
10, 5, 1, 0, 927.3489689320326
10, 5, 1, 1, 953.889132424647
10, 6, 0, 0, 0.0
10, 6, 0, 1, 0.0
10, 6, 1, 0, 904.8894668858677
10, 6, 1, 1, 916.0096019733448
10, 7, 0, 0, 0.0
10, 7, 0, 1, 0.0
10, 7, 1, 0, 909.9723456020088
10, 7, 1, 1, 923.1451139084563
10, 8, 0, 0, 0.0
10, 8, 0, 1, 0.0
10, 8, 1, 0, 1141.672716570095
10, 8, 1, 1, 1174.5057618678038
10, 9, 0, 0, 0.0
10, 9, 0, 1, 0.0
10, 9, 1, 0, 1420.4507047007546
10, 9, 1, 1, 1485.6029193799848
10, 10, 0, 0, 0.0
10, 10, 0, 1, 0.0
10, 10, 1, 0, 1965.7111365684996
10, 10, 1, 1, 2128.9402646225712
10, 11, 0, 0, 0.0
10, 11, 0, 1, 0.0
10, 11, 1, 0, 1196.4959791444035
10, 11, 1, 1, 1267.29619122456
10, 12, 0, 0, 1708.3857792954566
10, 12, 0, 1, 1807.5187497304828
10, 12, 1, 0, 777.1204643090376
10, 12, 1, 1, 836.8292737612703
10, 13, 0, 0, 1633.0022296280495
10, 13, 0, 1, 1752.2093520354151
10, 13, 1, 0, 754.7218331466595
10, 13, 1, 1, 787.7911172905241
10, 14, 0, 0, 1563.1814328819987
10, 14, 0, 1, 1651.9993117413844
10, 14, 1, 0, 677.2465260268094
10, 14, 1, 1, 725.8808859809341
10, 15, 0, 0, 1519.8430416614037
10, 15, 0, 1, 1601.785503099241
10, 15, 1, 0, 724.9056442744622
10, 15, 1, 1, 617.7582507295091
10, 16, 0, 0, 1450.0223807097645
10, 16, 0, 1, 1540.7871504839088
10, 16, 1, 0, 685.09575104076
10, 16, 1, 1, 583.1447391619193
10, 17, 0, 0, 1421.1232396780845
10, 17, 0, 1, 1503.8295603346007
10, 17, 1, 0, 792.7300236490563
10, 17, 1, 1, 499.31241297191025
10, 18, 0, 0, 1667.863176757894
10, 18, 0, 1, 1657.5090905348318
10, 18, 1, 0, 1695.4963663942046
10, 18, 1, 1, 417.42662229165506
10, 19, 0, 0, 2597.733139002192
10, 19, 0, 1, 1942.205524383883
10, 19, 1, 0, 2596.090229087495
10, 19, 1, 1, 168.71864890195863
10, 20, 0, 0, 3694.418432967468
10, 20, 0, 1, 2099.1543768984006
10, 20, 1, 0, 3687.6638054608056
10, 20, 1, 1, -75.10955034128833
10, 21, 0, 0, 6211.081497451393
10, 21, 0, 1, 1249.43467849137
10, 21, 1, 0, 700.0
10, 21, 1, 1, 0.0
10, 22, 0, 0, -100.0
10, 22, 0, 1, -100.0
10, 22, 1, 0, -100.0
10, 22, 1, 1, -100.0
11, 0, 0, 0, 0.0
11, 0, 0, 1, 0.0
11, 0, 1, 0, 0.0
11, 0, 1, 1, 0.0
11, 1, 0, 0, 0.0
11, 1, 0, 1, 0.0
11, 1, 1, 0, 0.0
11, 1, 1, 1, 0.0
11, 2, 0, 0, 0.0
11, 2, 0, 1, 0.0
11, 2, 1, 0, 0.0
11, 2, 1, 1, 0.0
11, 3, 0, 0, 0.0
11, 3, 0, 1, 0.0
11, 3, 1, 0, 0.0
11, 3, 1, 1, 0.0
11, 4, 0, 0, 0.0
11, 4, 0, 1, 0.0
11, 4, 1, 0, 631.8994120214103
11, 4, 1, 1, 738.0269705471098
11, 5, 0, 0, 0.0
11, 5, 0, 1, 0.0
11, 5, 1, 0, 627.4893202113942
11, 5, 1, 1, 706.4215666765147
11, 6, 0, 0, 0.0
11, 6, 0, 1, 0.0
11, 6, 1, 0, 606.2978888676869
11, 6, 1, 1, 689.7112899432587
11, 7, 0, 0, 0.0
11, 7, 0, 1, 0.0
11, 7, 1, 0, 578.5626619457043
11, 7, 1, 1, 654.7967373597556
11, 8, 0, 0, 0.0
11, 8, 0, 1, 0.0
11, 8, 1, 0, 758.0735150655418
11, 8, 1, 1, 855.8075252064212
11, 9, 0, 0, 0.0
11, 9, 0, 1, 0.0
11, 9, 1, 0, 1066.9225875395964
11, 9, 1, 1, 1161.7381304560495
11, 10, 0, 0, 0.0
11, 10, 0, 1, 0.0
11, 10, 1, 0, 1496.6371812766008
11, 10, 1, 1, 1646.563456189153
11, 11, 0, 0, 0.0
11, 11, 0, 1, 0.0
11, 11, 1, 0, 884.3295089013952
11, 11, 1, 1, 1001.7650583805676
11, 12, 0, 0, 1187.8041692526226
11, 12, 0, 1, 1361.0091249515206
11, 12, 1, 0, 585.1601232860176
11, 12, 1, 1, 624.8212080554528
11, 13, 0, 0, 1181.4052742925069
11, 13, 0, 1, 1323.2602022303374
11, 13, 1, 0, 530.631736841671
11, 13, 1, 1, 563.2746198619652
11, 14, 0, 0, 1134.2812189304611
11, 14, 0, 1, 1243.3752911971108
11, 14, 1, 0, 477.4774145389009
11, 14, 1, 1, 528.2826612374821
11, 15, 0, 0, 1090.0196905006405
11, 15, 0, 1, 1180.4255818615748
11, 15, 1, 0, 447.20651381273825
11, 15, 1, 1, 540.0561311472322
11, 16, 0, 0, 1043.7371298072842
11, 16, 0, 1, 1158.0024848969833
11, 16, 1, 0, 382.217212092216
11, 16, 1, 1, 419.73792681993575
11, 17, 0, 0, 992.4884041130009
11, 17, 0, 1, 1084.6562418158119
11, 17, 1, 0, 359.11909175468406
11, 17, 1, 1, 399.0480098728219
11, 18, 0, 0, 1180.1644662885828
11, 18, 0, 1, 1197.540391370311
11, 18, 1, 0, 1152.4344634942795
11, 18, 1, 1, 307.4173491098229
11, 19, 0, 0, 2182.24767923266
11, 19, 0, 1, 1482.463914628001
11, 19, 1, 0, 2165.5160762892056
11, 19, 1, 1, 182.47537135770668
11, 20, 0, 0, 3195.8883367981293
11, 20, 0, 1, 1634.01466661855
11, 20, 1, 0, 3214.8421960096707
11, 20, 1, 1, -83.53771797381383
11, 21, 0, 0, 4484.200545161254
11, 21, 0, 1, 998.2776208297556
11, 21, 1, 0, 700.0
11, 21, 1, 1, 0.0
11, 22, 0, 0, -100.0
11, 22, 0, 1, -100.0
11, 22, 1, 0, -100.0
11, 22, 1, 1, -100.0
